country,Q1 1990,Q2 1990,Q3 1990,Q4 1990,Q1 1991,Q2 1991,Q3 1991,Q4 1991,Q1 1992,Q2 1992,Q3 1992,Q4 1992,Q1 1993,Q2 1993,Q3 1993,Q4 1993,Q1 1994,Q2 1994,Q3 1994,Q4 1994,Q1 1995,Q2 1995,Q3 1995,Q4 1995,Q1 1996,Q2 1996,Q3 1996,Q4 1996,Q1 1997,Q2 1997,Q3 1997,Q4 1997,Q1 1998,Q2 1998,Q3 1998,Q4 1998,Q1 1999,Q2 1999,Q3 1999,Q4 1999,Q1 2000,Q2 2000,Q3 2000,Q4 2000,Q1 2001,Q2 2001,Q3 2001,Q4 2001,Q1 2002,Q2 2002,Q3 2002,Q4 2002,Q1 2003,Q2 2003,Q3 2003,Q4 2003,Q1 2004,Q2 2004,Q3 2004,Q4 2004,Q1 2005,Q2 2005,Q3 2005,Q4 2005,Q1 2006,Q2 2006,Q3 2006,Q4 2006,Q1 2007,Q2 2007,Q3 2007,Q4 2007,Q1 2008,Q2 2008,Q3 2008,Q4 2008,Q1 2009,Q2 2009,Q3 2009,Q4 2009,Q1 2010,Q2 2010,Q3 2010,Q4 2010,Q1 2011,Q2 2011,Q3 2011,Q4 2011,Q1 2012,Q2 2012,Q3 2012,Q4 2012,Q1 2013,Q2 2013,Q3 2013,Q4 2013,Q1 2014,Q2 2014,Q3 2014,Q4 2014,Q1 2015,Q2 2015,Q3 2015,Q4 2015,Q1 2016,Q2 2016,Q3 2016,Q4 2016,Q1 2017,Q2 2017,Q3 2017,Q4 2017,Q1 2018,Q2 2018,Q3 2018,Q4 2018,Q1 2019,Q2 2019,Q3 2019,Q4 2019,Q1 2020,Q2 2020,Q3 2020,Q4 2020,Q1 2021,Q2 2021,Q3 2021,Q4 2021
Australia,58.48074922,59.41727367,59.83350676,61.39438085,61.29032258,61.39438085,61.70655567,62.33090531,62.33090531,62.12278876,62.22684703,62.53902185,63.05931322,63.26742976,63.57960458,63.68366285,63.99583767,64.41207076,64.82830385,65.34859521,66.38917794,67.32570239,68.15816857,68.67845994,68.88657648,69.40686785,69.61498439,69.71904266,69.82310094,69.61498439,69.30280957,69.51092612,69.71904266,70.13527575,70.23933403,70.55150884,70.55150884,70.86368366,71.4880333,71.90426639,72.52861602,73.04890739,75.85848075,76.06659729,76.89906348,77.52341311,77.73152966,78.45993757,79.18834547,79.70863684,80.2289282,80.74921956,81.78980229,81.78980229,82.31009365,82.72632674,83.45473465,83.87096774,84.18314256,84.8074922,85.43184183,85.95213319,86.78459938,87.20083247,87.92924037,89.38605619,90.21852237,90.1144641,90.1144641,91.2591051,91.88345473,92.71592092,93.96462019,95.31737773,96.46201873,96.14984391,96.25390219,96.67013528,97.60665973,98.12695109,99.06347555,99.68782518,100.4162331,100.8324662,102.289282,103.2258065,103.8501561,103.8501561,103.9542144,104.4745057,105.9313215,106.1394381,106.5556712,106.9719043,108.2206035,109.0530697,109.6774194,110.1977107,110.7180021,110.9261186,111.1342352,111.8626431,112.3829344,112.7991675,112.591051,113.0072841,113.8397503,114.4640999,114.9843913,115.1925078,115.9209157,116.6493236,117.169615,117.5858481,118.1061394,118.7304891,118.7304891,119.458897,120.0832466,120.9157128,121.3319459,119.0426639,120.9157128,121.9562955,122.6847034,123.6212279,124.5577523,126.2226847
Austria,64.81544014,65.27756903,66.41455084,66.36320408,67.01605409,67.54420368,68.73253226,68.351094,69.71547776,70.29497013,71.41728201,71.13854127,72.42223441,72.89903323,73.88197076,73.62523293,74.6595252,75.04096745,76.11926554,75.65713664,76.50070779,76.94083377,77.71838422,77.08020015,77.79906687,78.16583919,79.20746443,78.80401528,79.28081411,79.48620118,79.50820808,79.80162673,80.11704829,80.30043245,80.21240087,80.38112308,80.49115757,80.5938511,80.58651813,81.16601049,81.76017279,82.29565535,82.88982562,83.46198102,84.03367762,84.83215776,85.0524342,85.24517009,85.685711,86.34653234,86.51173168,86.75953669,87.20008159,87.36528094,87.61309392,87.80582982,88.3840455,89.09992397,89.51293232,90.20128222,90.9492255,91.31460543,91.49729539,91.64953637,91.9844673,92.80657813,92.92837011,92.9588191,93.506889,94.5725798,94.72482077,95.91230754,96.61261841,97.98279514,98.25683208,98.04368914,97.6783132,98.25683208,98.2872731,98.65265702,99.04848993,100.1750787,100.0532867,100.7231446,101.8945332,103.4949684,103.5949969,104.1618181,104.5285865,105.7955989,106.0289973,107.0626113,107.1292943,108.0628838,107.9628554,108.7297375,108.829766,109.9634124,109.7633555,110.2634938,109.7570319,111.0851857,110.7900356,111.122074,110.8269318,111.7123623,111.5647933,112.5978009,113.0774124,113.8890584,113.9628469,115.0696391,115.1065313,116.1026427,116.3977888,117.504585,117.098758,118.0579771,118.0210888,119.0540964,119.2904711,119.2904711,119.6894358,120.4873654,120.8863302,122.2827069,123.4397048,125.3946323
Belgium,65.51585086,66.00050958,66.72750305,67.5259133,67.95190555,68.14322113,68.92632599,69.29364817,69.5920979,70.00023326,70.52060576,70.86241298,71.57665255,71.85979689,72.53832269,72.73983708,73.30101557,73.70915811,74.38002943,74.18871384,74.63001507,74.78306538,75.2906804,75.21415704,76.09272949,76.22550779,76.76020957,77.0688294,77.55687935,77.38821503,78.12746716,78.05928371,78.11670136,78.66216895,78.7231752,78.58321969,78.94207995,79.38706668,79.44448432,79.8320534,80.51029929,81.22801981,81.83808225,82.11081605,82.26871456,83.62161774,83.90511735,83.93382617,84.51876839,84.74485036,84.96734372,84.98887533,85.84655135,85.9111462,86.39919615,86.45302519,86.98413838,87.85258021,88.32986435,88.6707816,89.27366683,90.23900093,91.10026556,91.01055049,91.26892988,92.04765664,92.45675734,92.32756765,92.86585803,93.38261681,93.68764803,94.87547549,96.42216321,98.10521783,98.92341922,98.18775569,97.98320534,97.81454102,97.71764875,97.91502189,98.95212804,99.94258236,100.2583794,100.8469102,102.2931171,103.4199383,103.9043996,104.5108735,105.9319601,106.2621115,106.6496806,107.0444269,107.2597431,107.6006603,107.8626283,107.9056915,108.3327352,108.0492356,107.9487548,107.7621474,107.8123879,108.5803488,108.8207852,109.3052465,109.7430561,110.8949975,111.106725,111.35075,112.6318811,113.0158616,113.2132348,113.6546329,114.3508218,115.0577765,115.7647312,116.633173,116.823369,117.2432355,117.1104572,117.2647671,118.0399053,117.8855953,118.0686141,117.9178928,118.6714993,119.5830044,121.1619895,124.01134
Bolivia,24.97907162,25.37279713,26.50897648,28.47479173,30.9805734,31.53460145,32.30799085,33.10387886,34.81939718,35.53091543,36.26211996,36.74302755,37.74140296,38.19699963,39.47941988,40.16281488,40.78433873,41.27087098,42.30299429,43.47292154,44.41786277,45.71434465,46.4146136,48.39167815,50.89745982,51.38961672,52.61016582,53.02076528,53.18950479,53.85602584,55.05688866,55.60529206,57.90014935,58.46823902,58.75509618,59.30068725,59.3963063,59.3175612,59.92502342,60.84465373,61.71647452,62.16925886,62.98202082,63.63729257,63.26887798,63.37574633,64.07039063,63.7863458,63.78353347,63.72166232,64.23069317,65.1081386,65.50748877,65.74091175,66.56492301,67.61392027,68.34231248,68.63760661,69.59379715,70.62592046,72.07426789,72.59041543,73.35985758,74.14363717,74.91307932,75.53436802,76.60489623,77.62763301,79.85471403,80.49989844,84.17983918,86.66977311,90.17288553,93.75246425,96.25195646,97.41806755,97.88642365,97.06441091,97.37505526,97.90554022,98.23530115,98.33566317,99.98446778,103.4445679,107.8939508,109.3468105,110.4890259,111.8080696,113.1032176,114.1498501,115.3494152,116.7831583,118.7760613,119.6554237,122.3699774,124.9363776,126.0403599,127.607919,129.6486135,130.4515096,132.8315232,132.45875,134.1171129,135.1971994,136.511464,138.3275386,138.8150113,140.3204416,141.2810495,140.9082763,143.1783696,144.2441187,145.2955303,145.2907512,145.6444078,146.3230462,146.9634515,147.5990776,148.7674671,149.9400776,148.8934931,149.7545387,150.3483503,149.8548335,150.7485334,150.453631,151.0324215,151.032461
Brazil,0.000345287,0.000702907,0.000995656,0.001526965,0.002555753,0.003330502,0.004779182,0.008359388,0.016098679,0.029116744,0.05315897,0.101759558,0.207886445,0.43311624,0.987127914,2.429346672,6.662269676,19.7196718,29.92600481,31.97823088,33.59004443,35.76727703,37.85343039,39.35051192,40.81056241,42.06715622,43.19039547,43.5877835,44.51066984,45.33434295,45.66237804,45.90008308,46.57937794,47.02749635,46.86107072,46.73563609,47.65220788,48.5639635,49.43911618,50.64348124,51.40368785,51.76083405,53.17764599,53.78416308,54.59670547,55.38291943,56.70640458,57.81369694,58.7608782,59.70527679,61.03603971,63.96812762,67.94661001,69.77054935,70.32280419,71.25682124,72.53492731,73.60133569,75.17429874,76.41194893,77.93396755,79.3381504,79.83881865,81.06373272,82.22828406,82.74650459,82.90072925,83.61020548,84.68506892,85.46903533,86.23491433,87.16700491,88.60993122,90.22142369,91.6340616,92.59975839,93.73391431,94.89140192,95.66776948,96.51884128,98.29290644,99.73658193,100.0654732,101.9050384,104.2914,106.3111972,107.2066849,108.7365164,110.3053054,111.6295397,112.8248076,114.8345443,117.3124133,118.957619,119.6762995,121.542086,124.1245196,126.5623608,127.5599514,129.4620198,133.6306876,137.3378588,139.7106281,142.8752838,147.1858683,149.8994088,151.9049715,152.9401282,154.3874426,155.2319858,155.806181,157.2495354,158.7001676,160.4106593,162.6636664,163.7207635,165.176961,167.335357,167.8378447,169.2412784,171.5057373,170.9102439,172.246144,176.4350398,180.5706366,184.1047465,188.8543522,194.939965
Canada,66.22781912,66.85746995,67.51574127,68.5174585,70.49227247,71.00744133,71.43674871,71.32226674,71.60847167,71.98053807,72.29536348,72.6101889,73.12535776,73.26846022,73.55466514,73.92673154,73.52604465,73.26846022,73.66914711,73.89811105,74.64224385,75.24327418,75.38637665,75.41499714,75.72982255,76.33085289,76.44533486,76.90326274,77.33257012,77.56153406,77.7618775,77.70463652,78.1339439,78.33428735,78.42014883,78.56325129,78.73497424,79.59358901,80.13737836,80.42358329,80.82427018,81.53978248,82.31253578,82.88494562,83.05666857,84.4590727,84.54493417,83.77218088,84.34459073,85.60389239,86.51974814,86.94905552,88.12249571,87.97939325,88.32283915,88.46594161,88.92386949,89.92558672,90.09730967,90.49799657,90.81282198,91.64281626,92.44419004,92.50143102,92.9593589,93.98969662,94.04693761,93.76073268,94.64796795,96.05037207,96.05037207,96.02175157,96.33657699,98.31139096,99.34172868,97.85346308,97.53863766,98.36863194,98.48311391,98.62621637,99.11276474,99.74241557,100.2862049,100.8586148,101.688609,103.0910132,103.2913566,103.5775615,104.0641099,104.7223812,104.5506583,104.5506583,105.0085861,105.523755,105.7527189,105.523755,106.4682313,107.8706354,107.9564969,107.55581,107.6130509,108.8437321,109.244419,108.9868346,109.2730395,110.5323412,110.5895821,110.5037207,111.3623354,111.9919863,112.1064682,112.4785346,113.6519748,114.5678306,115.1116199,114.768174,115.4836863,117.0291929,117.3440183,117.1722954,117.5729823,117.0578134,117.6588437,118.0881511,119.2615913,120.9788208,122.4384659,123.6691471
Chile,27.26590411,28.71699849,30.66264029,33.32141045,33.83610836,35.53598796,37.37923027,39.34972264,40.15483982,41.17215223,42.69912277,44.61219953,45.12388304,46.51453451,48.21508923,50.2486992,51.15118469,52.42667813,53.65785853,54.6201075,55.47827134,56.50397334,58.11521823,59.19967319,59.83960869,61.25645238,62.04881531,63.02650613,64.00184476,64.67636207,65.59898946,66.99400559,67.58391744,68.15972479,68.92320791,69.95596216,70.16378843,70.83091378,71.12099333,71.67094818,72.40589551,73.40070952,73.93890776,74.94782627,75.30606751,76.04537519,76.63058267,77.22921522,77.145616,77.72141905,78.439914,79.50221458,80.05955278,80.6115158,80.57895076,80.34964094,80.06425285,80.98386154,81.76816169,82.17542034,81.90111804,83.22362073,84.48300581,85.30457106,85.22970114,86.39238443,87.42916792,87.22134595,87.52116964,88.86649753,91.61457321,93.53336057,94.53321436,96.76357343,100.1687035,101.5825242,99.10359063,98.51523543,98.311447,98.50537949,98.84755966,99.69038916,100.5203182,100.941733,101.7329607,102.9843045,103.6551279,104.9924747,105.9514083,106.1750161,106.3900237,107.2801548,107.5080628,107.5252634,108.6304021,109.7527413,111.1889916,112.9606536,113.9539884,115.7643518,116.0524618,117.6822189,119.3635777,120.5074178,121.4491507,122.6359923,123.5347237,123.9174371,124.7946678,125.4611911,125.5901957,126.4201247,127.2887551,128.1659858,129.1249194,129.9161471,130.2128575,131.5373038,132.3070307,133.5970759,135.029026,135.3945388,135.8503548,137.4500108,139.0109654,140.258009,142.4897871,146.5663298
"China, P.R.: Mainland",40.24500699,40.57218045,39.95262351,40.65230748,40.99557002,41.82933649,41.83002948,42.50845977,43.19548144,44.1382779,44.41322218,46.03794521,47.99097791,50.5529674,51.5749541,54.06837416,58.66247937,61.60746551,64.84304812,68.60396653,71.91052003,73.75945062,74.41216995,76.23700489,78.64722463,80.44664781,80.31052592,81.54823266,82.70614469,82.80674055,82.01981792,82.36316077,82.95338265,82.09086572,80.84379248,81.4571144,81.7640638,80.31188048,79.9028183,80.77873976,81.84655906,80.38972668,80.11376963,81.53003379,82.38980744,81.64961903,80.74876012,81.42100724,81.90626622,80.84018604,80.13694231,80.93804288,82.29091653,81.33285447,80.78357256,83.06551571,84.5647409,84.84547521,84.95578795,85.63150477,86.88675232,86.2708153,86.06685894,86.81284586,88.11541304,87.70155652,87.43725204,88.49069685,90.53656321,90.86638617,92.84925513,94.43544946,97.86691667,98.01162736,97.78243017,96.87235005,97.254569,96.51105189,96.54133064,97.38264476,99.26924646,99.13429538,99.69298651,101.9034717,104.454723,105.0368475,106.1116703,106.6123549,108.3480586,107.9475083,108.1254675,108.8546016,111.017344,110.5284701,111.0810935,112.0050994,113.5047519,112.8918317,113.1982897,113.5813675,114.8071995,114.4241302,115.2285808,115.2285808,117.2205684,116.8374906,117.1056451,117.7185653,118.9060895,118.5996273,118.9827051,119.8637798,121.4343776,120.6299269,121.7025321,122.4686749,123.6562034,123.8477423,125.1884976,127.6401743,129.7854016,127.2187887,127.6401829,127.7934012,129.6439641,128.8320869,128.9175477,130.0712679
Colombia,8.488999347,9.18076346,9.661791486,10.27109365,11.16901263,12.04402552,12.64416524,13.15726181,14.22010468,15.35624707,16.14421678,16.54278286,17.71099378,18.76925544,19.53431906,20.22150195,21.78827895,23.20387571,23.91854592,24.74316539,26.37866068,28.1653362,28.97621202,29.70462589,31.76617457,33.74068008,35.08755855,36.17788875,38.0195389,40.01695051,41.38215386,42.60533941,45.01047954,48.31353865,49.24352616,49.72455419,51.90521457,53.15130622,53.73770229,54.40656031,56.55973337,58.40138353,58.68083791,59.22142178,61.1501151,63.02841501,63.39491256,63.84845327,65.21823783,66.75752752,67.22023066,68.19603037,70.05142419,71.82893727,72.01676726,72.56193236,74.41274495,75.87873513,76.35060071,76.72167947,78.31136257,79.64449738,80.11636297,80.61571587,81.66023387,82.85593211,83.75385109,84.09744253,85.95283635,87.96857284,88.21595868,88.66033695,91.18458878,93.63095988,94.97325713,95.5596532,97.19514849,98.09306747,98.01518674,97.81361309,99.14674791,100.1500349,100.2462405,100.4569766,102.3719263,103.1873833,103.7371296,104.3739191,105.9544398,106.6462039,106.921077,107.2509248,107.9793387,108.8451891,109.3307984,109.2300116,110.4806844,111.9008624,112.5284895,113.0919794,115.1672718,116.92646,117.9893029,120.2753313,124.0136062,126.5653454,127.5548887,127.5686324,130.3540137,132.0536461,132.3285192,132.7728975,134.7703091,136.2317181,136.4928476,137.106731,138.9941933,140.7717064,141.6650442,142.3705519,144.1755523,144.7802733,144.4091945,144.670324,146.4203498,149.0591321,150.6304903,152.128549
Costa Rica,7.847228878,8.246277435,8.779068248,9.345403536,10.08033248,10.74947941,11.36373537,11.84816987,12.74777169,13.33109704,13.62820524,13.93184808,14.20281774,14.56135154,14.91770713,15.2021817,15.67267563,16.25817919,16.98439528,17.93845242,19.40656775,19.93413085,20.81064362,22.20339278,23.03067795,23.7390327,24.59724848,25.40928616,26.41213526,27.17843047,27.76916174,28.23747746,29.30654422,30.07893843,31.20507436,31.78491457,32.77643697,33.14542619,33.83199882,34.9145705,36.38486404,36.74121962,37.76280136,38.54129456,40.01899401,41.36207993,42.09178117,42.77661122,43.94239063,44.59367621,45.95418783,47.00016554,48.06792538,49.15136835,50.01219799,51.4053828,53.50082336,54.82430537,56.56034085,58.2131686,60.67454889,62.47854461,64.32697586,66.40237687,68.43377798,69.95896247,71.80477987,72.80675769,74.59899105,76.41039269,78.20698248,80.26931421,82.80475373,85.49658892,90.02857815,92.70255199,93.448372,93.87835118,95.25672414,95.9794551,98.67738928,99.54257534,100.3005933,101.479442,103.2790813,104.4222073,105.5226403,106.2880643,107.5736454,109.4190271,109.9709862,111.4072996,114.192798,115.5180225,116.0163976,115.5763986,117.657463,120.3231596,122.1554721,122.0147596,121.9524627,121.8452946,121.3717512,120.8481089,121.4275134,120.9391582,121.9611755,121.6048199,122.771035,122.9910345,123.4706769,124.6007336,125.7307903,125.6741568,126.1603339,127.2368066,127.6672214,128.528051,129.6398108,129.5478902,129.9142656,129.3034947,129.6672562,130.2340272,130.7132339,131.2255496,131.9365182,134.2062157
Czech Rep.,,,,,32.31649167,35.3729905,35.73358896,36.12853252,37.41638058,38.08606701,38.84160545,40.67893926,45.50409246,46.41417309,47.10102849,48.26867945,50.08884429,50.7756997,51.87466762,53.35140656,54.75721197,55.83228812,56.47733381,57.55240996,59.55921878,60.52678731,61.70937108,62.49776026,63.82368751,64.68374843,67.83730514,68.94821717,72.28095323,72.89016305,74.39526966,74.10858269,74.50277728,74.6102849,75.29116646,75.54201756,77.11879591,77.33381114,78.22970794,78.58806665,80.23651675,81.16824942,82.4583408,81.92080272,83.31840172,83.13922236,83.10338649,82.42250493,82.99587887,83.2108941,83.06755062,83.10338649,84.96685182,85.36104641,85.64773338,85.57606164,86.32861494,86.68697366,87.22451174,87.6545422,88.80129009,89.15964881,89.8046945,88.94463358,90.12721734,91.34563698,92.13402616,93.28077405,96.82852535,97.54524279,98.22612435,97.61691453,98.87117004,98.90700591,98.33363197,98.08278086,99.51621573,100.1612614,100.2329332,100.0895897,101.2721734,101.9172191,102.0247268,102.4547572,104.9632682,105.3574628,105.3574628,105.3932987,106.8625694,106.970077,106.6833901,106.6117183,107.0417488,107.1492564,107.3284358,107.0775847,107.1492564,107.8659738,107.7226304,107.1850923,107.6509586,108.1526608,108.2960043,108.7618706,110.2669772,110.5536642,111.0553664,111.5929045,112.3096219,113.0621752,113.7072209,113.9222362,115.355671,116.2515678,116.9324494,117.3624798,119.5126321,119.8709909,120.8027235,120.4443648,122.1286508,123.3470704,125.7839097,127.8265544
Denmark,65.33939827,65.84859566,66.32054638,66.94152308,66.96636372,67.59976074,67.8233122,68.3946112,68.53123114,69.25156682,69.25156682,69.42543701,69.43785733,69.93463798,70.08367467,70.4810999,70.66739755,71.33805196,71.54918311,71.95902866,72.33162039,72.96501741,72.86566199,73.30034818,73.66051603,74.40569235,74.55471833,75.0390858,75.26263726,75.93329524,76.31830372,76.64121418,76.80266405,77.43606464,77.59752165,77.93284885,78.35511829,79.19964289,79.64674583,80.30499063,80.80988483,81.73560575,81.81728774,82.36182841,82.74261227,83.81394518,83.77823409,84.02821177,84.81385591,85.70663334,85.70663334,86.24229979,87.13507723,87.67074368,87.27792161,87.4921882,87.95643246,88.63494331,88.31354343,88.7063655,89.02776538,90.13480939,90.31336488,90.56334256,90.88474243,91.95607535,92.02749754,92.09891974,92.5988751,93.42023034,93.06311936,94.09874118,95.42005178,96.70565128,96.95562896,96.84849567,97.09847335,97.88411749,97.91982859,98.06267298,99.13400589,100.0267833,100.2410499,100.5981609,101.8123382,103.0622266,102.9550933,103.205071,104.5620927,105.3120257,105.4905812,105.5262923,105.77627,106.2048031,106.0262477,106.2048031,106.4190697,106.8476029,106.6333363,106.7047585,106.7047585,107.4904026,107.2761361,107.0618695,107.0261584,107.633247,107.4546915,107.4904026,108.0617802,108.5260245,109.097402,108.8474243,108.7045799,109.5973574,110.0616016,109.7044907,109.9901794,110.4187126,110.5258459,110.4544237,110.6686903,110.5258459,111.0972235,110.9543791,111.4543344,112.3471119,113.2041782,114.4540666
Dominican Rep.,9.467254307,10.07919845,12.05984209,15.59813244,17.07507792,17.12316039,17.43976377,17.78987185,17.68774692,17.83175273,18.24081621,18.62450953,18.93370321,18.86121707,19.09188409,19.2984696,19.69271369,20.32914204,20.8079533,21.64895366,22.57725956,22.81026224,23.38378873,24.04695641,24.16808882,24.29518119,24.50249157,24.86403635,25.80434273,26.11103966,26.86610367,27.16482713,27.20919035,27.26949958,27.67999144,28.90660337,29.17994037,29.26748603,29.17604945,30.62833464,30.93474444,31.06703566,32.06700161,33.31695905,34.43754347,34.56399831,34.65640761,35.04355396,35.43070032,35.87426498,36.38592071,38.25550687,41.36045952,43.58120103,48.07715691,52.98944102,65.48220635,70.96353723,72.94790547,72.3360586,71.77771185,71.84677564,73.67064351,76.23962219,77.65883457,78.63350956,79.6957302,79.77549403,81.46707067,83.34054774,84.05258576,86.30250916,88.90845156,92.52992359,96.0648227,93.33631637,91.91224034,92.96765188,95.01913845,96.28855049,98.33322795,99.46353967,100.2076778,101.9955546,102.656263,105.2715177,107.3954653,107.8638263,108.755184,108.8821057,109.6903964,111.4940203,113.9990536,114.2128164,115.5755545,116.2335433,117.2856572,118.3477913,119.1828024,118.9991,118.3845318,118.6650956,119.7071894,121.0231669,120.6958425,120.7927038,121.5742742,122.4293255,124.2429696,124.4834528,125.4320254,127.2556896,128.8355306,129.9377452,130.2717497,130.2416893,130.2851098,131.5977473,132.5028993,134.3031832,134.744069,133.7721161,138.7688225,141.3938288,144.4475903,146.8982236,149.6442944,152.9163438
Ecuador,1.137752975,1.275027594,1.380698439,1.523428471,1.701849562,1.892327288,2.051372256,2.261653646,2.517955467,2.831718695,3.182968652,3.692511105,3.947136968,4.34690419,4.568164813,4.858772463,5.168636524,5.565068933,5.774067702,6.052960749,6.423536546,6.817852651,7.065890201,7.422046683,7.935081615,8.409956924,8.814872924,9.327907856,10.37093755,10.96665167,11.54328597,12.17503973,13.39190771,14.74869431,15.6306056,17.54918664,19.49532742,22.80037477,24.06812225,26.99178537,35.71316722,44.81211733,49.28315317,53.25641792,59.87244856,62.53938222,63.53789235,66.09034714,68.67884157,70.79458067,71.38605483,72.64532239,75.316496,76.56516367,76.76020174,77.34319598,78.01326801,78.89671407,78.6319424,78.83379803,79.20618014,80.19444785,80.26721671,81.06381949,82.22274706,82.68971569,82.82544741,83.57388487,83.91498107,84.10489304,84.92466364,85.90852593,88.34859472,91.71889508,93.37702826,93.87252807,95.31031641,96.74905065,96.63549825,97.57562392,99.15148386,99.89372614,100.0693416,100.8854484,102.5025772,104.0187114,104.9635872,106.4132548,108.2902392,109.3134882,110.2781695,111.3362338,112.1106344,112.4902328,112.6217007,113.9500955,115.4302984,116.3584418,117.2952352,118.2822682,119.7952854,121.685702,122.0970881,122.3269336,122.9942168,123.7146859,123.8459239,123.7479069,124.1493758,124.6847173,123.9925588,123.5389828,123.9635052,123.6431459,123.7196692,123.9269429,124.2030558,124.1271491,124.1179526,124.1225414,124.058138,124.9264292,123.2084161,122.6949745,122.9513989,123.5558706,124.1970377,124.8430958
El Salvador,30.20188479,32.05401207,32.49828724,33.71930839,35.26250261,36.33052834,37.68983382,37.69424715,38.11291227,38.98662555,41.53231518,44.82797977,46.26907852,47.47929967,49.58737816,50.37507821,52.00631146,52.981128,54.16116908,55.06808044,56.31451769,57.72845437,60.25603595,61.40287894,62.6930773,63.82483025,66.18340339,66.0732461,67.43587665,67.65920924,67.93384795,67.36495347,68.39409415,69.75974271,69.42474383,69.70240056,70.14755672,69.27535245,69.53641013,69.74917968,70.17622779,70.93374776,71.76219092,72.16660398,73.71635101,73.98344471,74.23243036,73.79783723,74.68211353,75.47434059,75.64787604,75.44265151,76.6302376,76.82942612,76.86564222,77.30928937,78.68700996,80.22166696,80.92486279,81.49677528,82.83073475,83.72255608,84.35030171,85.50016271,85.90004875,87.14195898,88.42310332,88.51967957,90.30935823,90.63077607,91.67047978,93.39678028,95.29359822,95.92737987,100.2868922,99.051018,98.64811395,99.19546294,98.76022158,98.73384331,99.54497494,99.63400158,99.87470324,100.9463202,102.0047481,105.9186231,106.3901345,106.2021894,106.7693221,107.2606173,106.7165655,107.0429966,107.8805065,107.6398048,107.7255342,107.7848853,108.5531522,108.5927196,109.7072013,109.0972039,107.606832,108.0453706,107.6200211,109.4895806,109.2580165,108.9463166,108.6417784,108.5297864,109.4674797,109.9472917,109.9812883,110.3873837,110.7677491,110.9014722,111.4136244,111.4956886,111.2416715,111.6915406,111.0254835,110.9547137,110.8700433,110.8623429,110.7467119,110.7810565,112.0279389,113.8081102,115.4322716,117.3593348
Finland,70.36570649,71.30069771,71.95662983,72.5863206,73.93157039,74.66859466,74.70437732,75.24104477,76.12118157,76.82481303,76.91068127,77.40442185,78.28455502,78.71866145,78.44913279,78.53977351,78.51114955,79.14799541,79.85162687,79.89933347,79.85375563,80.07504459,80.14435787,79.84842105,80.23500584,80.58693943,80.57361205,80.53894997,80.64026347,81.3787891,81.7413846,82.01332851,82.15197319,82.6692026,82.72253027,82.78917807,82.71185749,83.64234459,83.66633751,84.15157758,84.97180461,85.96755781,86.38938492,87.0092225,87.36792313,88.65350251,88.57602599,88.6190689,89.08394255,89.88456473,89.76977516,90.02804716,90.51874511,90.66222392,90.28631191,90.44700933,90.45561502,90.50152287,90.64787386,90.98649457,90.90935894,91.24380918,91.24380918,91.45664478,91.69987406,92.67281659,92.855244,93.34171707,93.85859472,94.95314826,95.16598023,95.89569348,97.44632278,98.81452106,99.51382248,99.54422705,99.02734941,99.02734941,98.75371193,98.51047901,99.18746659,99.95083374,99.81082549,101.0508742,102.3842653,103.2976353,103.6343159,104.3510136,105.5343983,106.394437,106.5177742,106.8377874,107.307807,107.9944991,107.9478333,108.3211778,108.7278497,108.9911988,109.1378907,109.2078821,108.5955115,108.8566195,108.7695835,108.9364024,108.5592465,109.1938839,109.2410283,109.7160997,109.6073047,110.0352316,109.9844606,110.3761225,110.4123875,111.1123018,111.4096747,111.8376016,111.6889151,112.4649859,112.4649859,112.7079614,112.5955399,112.269155,112.8240093,112.9436838,113.7741521,114.6118733,115.3081611,116.8276642
France,70.28101849,70.90042056,71.42832005,72.14274402,72.64248887,73.2337363,73.7158845,74.31065125,74.66258424,75.23623502,75.28902497,75.66207394,76.26036003,76.76010488,76.91143606,77.24929173,77.55547344,78.06225695,78.16079818,78.48809587,78.92097345,79.33625438,79.57556881,80.04363969,80.5856165,81.20853789,81.02905207,81.35634975,81.75755336,81.95815517,82.06725439,82.29953017,82.36991677,82.76760105,82.56699924,82.51420929,82.58107656,83.08434074,82.99635749,83.33069384,83.78820673,84.26683559,84.57653663,84.92495029,84.88271833,85.99482659,86.0792905,86.11800313,86.70925056,87.39200056,87.60667969,87.96565134,88.7610199,89.06368227,89.29947738,89.88720548,90.35879569,91.19287688,91.34068873,91.76652765,91.91433951,92.74490137,93.05812173,93.30799416,93.55434725,94.51864365,94.63478154,94.53272097,94.6418202,95.62723257,95.83487304,96.74989882,97.43264882,98.78759084,98.94948002,98.4532545,98.0414929,98.58346971,98.53067976,98.81222615,99.34012564,100.1742068,100.0510303,100.4346372,101.1244259,102.2435728,102.1907829,102.8876102,103.4647803,104.2883035,104.2108782,104.46427,104.5628112,105.1294234,105.189252,105.1435007,105.3229865,105.7910574,105.6080522,105.4356051,105.0695947,106.0162945,105.6960355,105.5341463,105.0273628,106.0092558,105.9916592,106.0620458,106.3224762,106.9489169,106.9137236,107.2726953,107.7689208,108.976051,109.317426,109.306868,109.0851502,110.2007778,110.4154569,110.4928822,110.3873023,110.5280755,110.7990639,110.5773461,111.2073061,112.0554646,112.71006,113.5828538
Germany,66.90397971,67.2536467,67.55669571,68.18611344,68.80573511,69.47245723,70.60588448,71.93932873,72.87273898,73.70614074,74.1061783,74.33952908,76.2730243,76.93974285,77.47312269,77.53979383,78.5398788,79.07325507,79.47328906,79.43995528,80.17334854,80.44003667,80.70672838,80.60671273,81.34011314,81.60680128,81.80681827,81.84015206,82.77356946,82.87357438,83.70697257,83.57363029,83.80698464,84.00700163,84.20701863,83.94033049,83.97366427,84.44037298,84.77373225,84.74039489,85.27377473,85.37378323,85.94049328,86.20718499,86.74056126,87.54062923,87.67397509,87.64063773,88.47403949,88.67405648,88.74072762,88.67405648,89.47412803,89.37411596,89.67414503,89.70747881,90.34086,91.04092305,91.30761119,91.50762818,91.80765367,92.17434673,92.80773507,93.04108584,93.37444869,93.8744876,94.17451667,94.24118423,95.04125221,95.80798283,96.30802889,97.14143065,97.84148655,98.57487981,99.27493929,98.70822567,98.64155095,98.84157152,99.04158494,99.10825965,99.4416225,99.94166141,100.1416784,100.4750377,101.308443,101.9418278,102.3418653,102.708562,103.475289,103.8419892,104.4087028,104.7753995,105.075425,105.4087842,106.1088401,106.1755149,106.3421981,106.5422151,107.0089166,106.7088911,106.2878426,107.5744473,107.7888814,107.1455791,106.6094938,107.7174034,108.3249667,108.2534886,108.3607057,109.2541812,110.0047006,109.7902665,109.7902665,111.1483492,112.0775637,111.9703466,111.2913053,113.0425172,113.7215586,113.3641684,113.1139952,113.9002536,113.6143415,113.0782562,114.650773,116.509202,118.0459799,118.7607602
Greece,27.2493788,29.19584642,30.36709364,32.40292225,33.17135702,35.10846502,35.93374544,38.19600693,39.2187185,40.60868336,41.2290456,43.96360016,45.15917432,47.16318897,47.15078555,49.32837424,50.07551915,52.08795041,52.65310804,54.51536597,55.17057927,57.04172699,57.01763161,58.80479784,59.89066752,61.96041089,61.60204403,63.26803867,63.74430513,65.43205273,64.86713001,66.33616331,66.55815297,68.88404574,68.18812869,69.15960569,68.95004294,70.5515606,69.57206971,70.9087294,70.94699006,72.43999458,71.63061443,73.7875576,73.29968643,75.10989095,74.3319187,75.8078551,76.20233819,77.74586584,76.91024924,78.52632481,79.13605219,80.59850457,79.53652893,81.03698691,81.28623993,82.92687064,81.78505135,83.59515519,83.99915562,85.67381184,84.95054418,86.65412828,86.73821044,88.4267836,87.86781761,89.15188023,89.06120036,90.72145304,90.20303979,92.39475683,92.85116641,95.03234256,94.4694703,95.07639551,94.28840924,95.6595844,95.11718316,96.93136777,97.14595431,100.5988635,100.3807935,101.8743887,101.7068989,104.1378784,102.7676966,104.706939,103.7700714,105.7334763,104.1280121,105.8939556,103.7921533,105.2307619,103.0565057,103.5811341,102.4183135,103.6874155,102.4299249,101.6703498,99.98111549,101.4712776,100.5822451,101.0506486,99.06014485,100.5109153,99.58950505,100.5966318,100.4504084,101.8008944,100.5512768,101.4369131,100.3326028,102.3481751,101.5280259,102.5596977,101.0035754,102.677792,101.4610152,102.6552739,101.367664,101.2579763,99.53304533,100.549723,99.72167731,101.5526918,101.3400584,105.0224275
Guatemala,15.17824354,17.2003682,19.10468211,21.55760725,23.75029373,24.16702724,24.61365304,24.73498052,25.41722779,26.33509655,27.27758248,28.00730573,28.8214307,29.89579432,30.27736045,30.69409397,32.00232071,32.81117057,33.45649209,34.41128661,34.67855874,35.5102674,36.27339966,37.37941393,38.38520116,39.44901456,40.55327047,41.35860359,42.86025095,43.22423339,43.84669611,44.56411077,45.54879756,46.34885558,46.63195303,47.50586256,47.8927038,48.11425833,49.43655202,50.29111948,51.11010021,51.9068461,51.92981216,52.48806427,54.08332266,54.88536841,56.21386709,57.36570371,58.94859576,59.95380287,60.6940169,61.05087426,62.48007031,63.24678365,63.78736955,64.61768122,66.44613353,67.74283304,68.74980678,70.45282902,72.39081181,73.65924539,75.19443868,77.0493903,77.84966942,79.220567,80.13744308,80.65682953,83.00643492,83.75548204,85.24650982,87.53958334,90.27077877,93.85348532,96.77724239,97.20476458,96.09356023,95.88333238,96.45395083,96.70481095,98.60392808,99.50313796,100.3034171,101.5895169,103.576965,105.666536,107.6264689,107.9865258,108.8017492,109.7664302,110.8024432,111.5531281,113.2922713,114.5932319,115.7379414,116.4512618,117.4023558,118.2685306,119.8140583,120.3167793,120.2148764,121.2305089,122.2733154,123.4485958,125.3881481,126.4343514,127.9459114,129.0702403,130.3134559,131.6551777,134.0431029,135.3406667,135.9622745,136.8318461,138.7408275,139.7530632,141.7333767,143.2585237,142.9833858,143.7102933,143.9956215,146.1593602,148.71033,151.1967613,152.1920132,153.1125362,154.2130878,155.6872834
Haiti,5.575728117,5.815567202,6.186999414,6.70912698,6.802381182,6.796541025,6.884844198,7.548753237,8.150756613,8.271297452,8.353293256,8.683846138,9.281644601,10.05347974,10.48168005,11.18950707,12.22087878,14.17242562,15.99455458,16.06954219,17.11586471,17.76809343,18.65509647,19.80373853,20.33355757,21.09674928,24.44275727,25.41894623,26.37823148,27.05359708,27.52593281,27.90129017,28.27185367,28.60333787,28.85862613,28.86105591,29.05255314,29.29761455,29.63291661,30.05467103,30.43189872,31.47538287,32.41353815,34.73366132,35.79029168,36.37879959,36.73715107,37.3340655,37.94401156,38.43939424,39.33838394,40.80341477,44.83607752,49.24367059,52.20861476,55.15891447,57.00593432,60.65500844,62.37241437,63.78197705,65.70617488,67.98430898,70.9073633,73.28582396,74.825199,76.96462043,78.11971166,79.50064057,80.12078128,81.56778825,82.9645958,85.04573591,87.95375601,94.04216882,97.66599179,100.4208272,95.11449616,94.1621709,95.42238282,96.88078679,99.12730546,99.99988409,100.361253,100.5115574,103.0410159,105.8677524,107.7246052,108.6978058,109.4116919,110.5318905,112.2759856,114.4549066,115.618627,116.7042672,117.5028586,118.132868,118.8215161,120.1187228,121.8550739,123.252505,124.7223336,125.7848377,130.6312586,135.4947159,139.0941354,142.165811,145.3158288,149.4852029,153.2318124,157.4829567,161.5049333,165.3650993,170.0281711,175.2997843,181.9849344,189.8514922,198.3367976,207.0529956,217.3277191,228.5837364,240.3592622,255.7136243,274.3582069,274.9354385,283.5361902,292.3678346,307.4335809,338.0845819
Honduras,8.031372251,8.635791791,9.22518136,10.17743737,11.21772606,11.983181,12.45125723,12.67133895,12.84847789,13.08466315,13.20382934,13.41961678,13.74705543,14.27525155,14.97629233,15.20710974,15.90063553,17.16530022,18.39346355,19.39403017,21.08597546,22.51274911,23.45641656,24.67491777,25.77679844,27.42663463,29.42460139,30.9684848,32.66372933,33.70812104,34.91900999,35.25200445,36.47802951,38.35490737,39.80797411,40.5647797,41.92702976,42.65356313,43.77363541,44.95425213,46.24082164,47.81270161,48.78192012,49.62670556,51.03058064,52.38204774,53.47898008,54.18962817,55.07610096,56.29194228,57.53424658,58.41216983,59.89555741,60.74320745,61.57572088,62.54446379,63.95216832,65.49610232,66.9794899,68.19041853,69.84030879,71.45992583,73.00385984,73.62446076,74.54779384,75.65276622,76.56096269,77.22697344,78.93741013,80.32997805,81.69227276,84.11413002,86.09702566,89.20003027,92.98418224,93.8621055,94.30106713,95.02762431,96.13259669,96.58669492,97.78248694,99.06909862,100.5373496,102.6110649,104.0793158,106.5617195,107.9996973,108.4083857,109.8615,112.0714448,112.9342314,114.3722092,116.0977825,117.5811701,118.9434648,119.8062514,122.8789828,124.801332,126.4966321,127.2080527,127.4805116,129.2514947,130.3110573,130.1748278,131.0830243,132.369636,133.7016575,134.1557557,135.9872852,137.5766291,138.6664648,139.9833497,141.9965186,143.2377204,144.6605616,146.3255884,147.7635662,150.3065163,151.1238931,152.1834557,153.7576629,154.4539469,156.0130175,158.0110497,159.9031257,161.3865133,162.9607205,165.8669492
India,21.60389957,22.46641023,23.41106774,24.31465277,24.84858929,25.25931028,26.77897679,27.64148934,28.17542397,28.79150734,29.85937849,30.0236684,29.77723733,30.43438749,31.54333302,32.48799053,32.65228044,33.59693605,35.0344576,35.69161156,35.85589957,37.00591568,38.81308764,39.30594979,39.01844813,40.45596968,42.13992421,42.9202918,43.16672477,43.57744387,44.2756684,45.30247276,47.06856845,48.09536902,51.09362956,53.39366367,51.29898816,51.50435054,52.53115111,53.64009474,53.18830317,54.21510564,54.70796968,55.2419081,54.74904027,55.69369967,57.25443865,57.87052582,57.54194221,58.19910943,59.55446708,59.9651729,59.71874941,60.95092373,61.56699195,61.97771672,62.10093794,62.59380388,64.15454287,64.56526765,64.72954998,65.09917575,66.53673141,67.80994789,67.64566556,68.97205116,70.67740407,72.19327333,72.38275699,73.33017527,75.4144955,76.17243013,76.93036476,79.01468498,82.23590715,83.94126007,84.13074372,86.02558029,91.89957366,95.12079583,97.0156324,97.77356703,101.3737565,103.8370441,105.7318806,106.4898153,110.6584557,112.7670219,113.716599,117.2857338,121.7141047,124.225718,125.2781861,128.1001249,133.9824763,137.3608538,135.6915379,138.1557661,142.9252402,142.9252402,142.845749,145.1907404,148.5691179,150.5563988,150.3576707,153.4180832,156.2400221,156.2002764,155.6835834,156.8362063,160.8902593,163.314742,162.8775402,164.3083824,167.0905756,167.5277774,166.8918475,169.3560758,172.8934358,177.3449449,178.0206204,180.4848487,184.817121,188.6327003,186.685165,190.5802355,194.1970867,198.0524116
Indonesia,12.14634907,12.41362809,12.90962726,13.14109037,13.28988755,13.59575108,14.08623138,14.40587561,14.59600759,14.84950957,14.97627154,15.12231112,15.93794354,16.25207623,16.44771609,16.66540582,17.19997851,17.48930373,17.91089881,18.27462811,18.77338123,19.3217273,19.5752366,19.88110013,20.76837903,20.86482199,20.9557534,21.14588538,21.6914775,21.88160948,22.28942752,23.08577501,27.70403232,32.74938894,39.30202799,41.18404453,43.14873796,42.85665147,41.9115068,41.88394905,42.89247105,43.32508923,44.29228011,45.55431141,46.8962437,48.15827866,49.9438559,51.31335326,53.71892304,54.27002672,55.12699393,56.55711467,57.91007739,58.18562556,58.64304388,59.77831687,60.71244211,61.90007299,62.57793132,63.54787247,65.41611928,66.64232368,67.83271583,74.84827011,76.47403072,76.98104932,77.92068611,79.37835362,81.33753184,81.61859523,82.99084653,84.71580405,87.55674596,89.95405025,92.86112709,94.10662741,94.25817488,94.23613234,95.42927477,96.54251254,97.70533962,98.35564386,101.2985366,102.6404799,104.3792145,104.1505053,106.0270213,106.8674502,108.2672592,108.8321436,110.7830234,111.5766132,113.3841085,114.52304,119.5035764,120.2286839,122.1842769,122.6420468,124.7038423,128.0144342,130.1787702,131.3067152,133.5442945,134.1741858,135.8221574,135.8514547,137.583656,138.6053984,140.7733966,141.681612,142.8205435,143.454097,145.387717,146.2922703,147.2334452,148.0061608,149.2036868,150.8919422,152.2396168,152.3714545,153.5627548,154.0820124,154.0673638,154.6107915,155.7612588,156.3585204,156.485817,157.3327646
Ireland,60.46551274,60.67152822,61.18656693,61.49559015,62.01062886,62.52566757,63.34972949,63.76176046,64.27679916,64.79183787,65.10086109,65.20386884,65.51289206,65.40988432,66.02793076,66.23394625,66.64597721,67.16101592,67.67605462,67.77906236,68.29410107,69.01515526,69.32417848,69.42718622,69.73620945,70.04523267,70.35425589,70.76628686,70.76628686,71.18378707,71.32295381,71.91441246,72.05357919,73.06253805,73.44524659,73.51482996,73.09732974,74.07149691,74.45420544,75.21962251,76.26337305,77.93337392,79.08149952,80.16004175,80.33400017,82.21275115,82.73462642,83.43046012,84.19587719,85.97025311,86.28337827,87.43150387,88.33608768,89.20587979,88.99712969,89.34504653,89.76254675,90.80629729,91.32817257,91.81525615,91.74567278,92.89379838,93.65921545,94.25067409,94.66817431,96.47734192,97.62546751,98.42567626,99.43463512,101.2785944,102.2527616,103.1921371,104.1315126,105.9754719,106.7408889,105.8015134,102.6006784,101.209011,100.2000522,99.7129686,99.12150996,99.88692702,100.4088023,100.5827607,101.3481778,102.7050535,102.8442202,103.3313038,103.5748456,104.5142211,104.6533878,104.4446377,104.5490128,105.0708881,105.0360964,104.6533878,104.6533878,105.4188049,105.3492215,104.6533878,104.0619292,105.0360964,105.2100548,104.5490128,103.9575541,105.1752631,105.3492215,104.409846,104.4794294,105.4188049,105.4883883,104.9317213,104.7925546,105.5579716,106.3233887,105.6971384,105.627555,106.8800557,107.0540141,106.7756806,106.7060972,106.5321388,106.1494303,105.52318,106.4973471,108.0629729,109.2458902,111.1246412
Italy,54.68068147,55.37284018,56.12150699,57.18093424,58.14700217,58.98458723,59.67326548,60.51085412,61.46011479,62.22324824,62.68857526,63.45170871,64.27067996,65.05242721,65.70388145,66.3553357,67.08124513,67.69547537,68.21663661,68.97976647,70.00348234,71.30639441,72.06952786,72.8326613,73.62709375,74.43801802,74.62882289,74.98658202,75.46359777,75.84521109,75.98831474,76.46532691,76.9900403,77.39550423,77.53860788,77.77711397,78.06332844,78.51648283,78.87424913,79.39896251,79.89982888,80.47224348,80.94925565,81.52167384,82.21334149,82.92886691,83.21507422,83.47743091,84.19295275,84.81307216,85.21853608,85.79095069,86.48261834,87.10273774,87.5558993,87.96135965,88.46222601,89.13004663,89.51165637,89.70246124,90.15562639,90.77573862,91.32431337,91.63436411,92.08753284,92.80305468,93.30391388,93.30391388,93.68553078,94.28179958,94.83036358,95.49818062,96.54761098,97.64474614,98.59877048,98.16945952,97.97865466,98.47951743,98.7180271,98.81342595,99.24274049,99.86285273,100.316025,100.5783817,101.5636011,102.530558,103.1307374,103.8976344,104.8645877,105.8982252,106.3983819,106.4650661,106.8651821,107.1319296,107.5987442,107.1986174,107.3986736,107.5987191,107.5320349,107.2986438,107.1319332,107.6654248,107.7320947,107.4653507,107.030233,107.2452971,107.7112693,107.6037373,108.4639937,108.8582778,108.9299659,108.6073697,109.252562,109.8619103,110.5429466,110.1486624,110.2920385,110.7938547,110.9372308,110.4712586,110.6146346,110.6504787,110.3995705,110.2203505,111.2598269,111.9767073,112.8011196,114.1273483
Japan,93.10970995,94.35301468,94.59476838,96.07982681,96.5633342,97.56488524,97.56488524,98.73911749,98.4282913,99.80974101,99.32623361,99.74066852,99.70613228,100.6386108,101.087582,100.811292,100.949437,101.3638719,101.087582,101.6401619,101.087582,101.3293357,101.087582,101.0185095,100.7422196,101.4674806,101.2947994,101.5710894,101.3293357,103.5396552,103.505119,103.7814089,103.366974,103.8850176,103.2979015,104.3339888,103.2633653,103.6087277,103.2979015,103.2979015,102.6417129,102.8834666,102.6417129,102.5035679,102.1927417,102.1236693,101.8473793,101.4674806,100.7422196,101.1911907,101.0185095,100.9149008,100.5004659,100.949437,100.7767558,100.6040746,100.3623209,100.6386108,100.6731471,101.1221182,100.3968571,100.5350021,100.3623209,100.3623209,100.2587122,100.7076833,100.9839733,100.7076833,100.1551034,100.6386108,100.8458283,101.2602632,101.1566545,102.0200605,102.9870753,102.2963505,101.0185095,101.0185095,100.7076833,100.1896397,100.1582,100.2285112,99.70117771,99.91211109,99.63086658,99.84179996,99.84179996,99.59571102,99.94726665,100.0175778,99.4199332,99.34962208,99.27931095,99.73633327,100.2988223,100.7558446,100.7910002,103.2870452,103.6737564,103.3573563,103.1112674,103.8846898,103.7792231,103.6034452,103.1464229,103.4979786,103.2870452,103.9198453,103.4979786,103.9198453,103.9198453,104.5174899,104.83389,104.6229566,105.0799789,105.4315345,105.15029,105.396379,105.4315345,105.958868,105.8534013,105.5370012,105.4666901,104.9745122,105.2909123,104.7635788,105.2909123,105.5018457
"Korea, Rep. of",43.14366428,44.42107457,45.07483077,45.56456904,47.34638273,48.35596138,49.2771633,49.85605014,50.73287074,51.74322124,52.24762463,52.21752252,53.07890614,54.16374007,54.56510161,55.06873316,56.53949166,57.32639184,58.33674233,58.26303074,59.23015769,60.09269908,60.61408316,60.85528601,61.99878048,63.02225241,63.68411303,63.94499803,64.90787981,65.56974043,66.21191889,67.17557252,70.70716816,70.92791701,70.86732685,71.18841609,71.20848417,71.34857478,71.32889263,72.11116171,72.57890228,72.48087744,73.45572288,73.94275967,75.25953427,76.13635487,76.57476516,76.38064511,77.1598268,78.18329873,78.50091464,78.91423984,80.30395418,80.76706365,80.98704065,81.6932826,82.91203236,83.52140724,84.49548082,84.44724025,85.60732948,86.00907695,86.46909902,86.52621586,87.38837132,87.93445457,88.6515024,88.36476046,89.13969697,90.08752769,90.6911137,91.3510447,92.52850053,94.45233446,95.71623739,95.45766794,96.14731512,97.0646578,97.6115129,97.75507684,99.01666422,99.6495805,100.4167985,100.9169568,102.8172493,103.6176568,104.7511173,104.9178367,105.9146798,106.1342709,106.4376076,106.7177888,107.5641214,107.4244167,107.8913854,107.85781,108.7778541,109.1514291,109.3814401,108.9179447,109.535424,109.7662069,110.0884539,109.9198049,110.476694,110.6885666,110.8973518,111.5159889,112.9072469,112.8157828,113.3572349,113.1229787,114.1225233,114.4995716,115.1108761,115.1440656,114.7415463,115.2463356,115.1622041,115.4844511,115.8506935,115.2563697,115.9934856,116.0089226,117.4985914,118.1237892,118.9342307,120.1228784
Mexico,10.8167705,11.40563266,12.04204817,12.75282093,13.68651107,14.18176141,14.56868269,15.23554032,16.0611952,16.48682814,16.81913988,17.24912305,17.80974954,18.1331383,18.43378141,18.73567782,19.10231011,19.38889442,19.67848938,20.03552209,21.96883887,25.93623625,27.87611925,29.79527733,32.51499242,34.78880829,36.38888697,38.17926806,40.80566196,42.19595299,43.37808658,44.75423708,47.0478061,48.57912562,50.15072797,52.61516865,55.79840641,57.26258335,58.41388839,59.82262479,61.68475753,62.72664822,63.68479005,65.15505187,66.28420612,67.03979404,67.49599215,68.55763146,69.42948603,70.24007855,71.03950487,72.22020806,73.20589078,73.56840442,73.92998263,75.08951133,76.36995663,76.72235756,77.47114767,79.09834949,79.72998292,80.18259368,80.54887631,81.54984844,82.67833063,82.68868401,83.40170954,84.9298731,86.06823187,85.97483347,86.72668873,88.16616286,89.41837703,90.20198265,91.47960802,93.61635511,94.94032093,95.58018712,96.17842181,97.33771439,99.45305087,99.3655421,99.70852962,101.4728774,102.8971212,102.6402438,103.067348,105.0248,106.8908243,106.6073415,107.7948425,109.3429227,110.8316526,111.3576861,111.5026697,113.3356087,115.4390569,115.3513937,116.1264533,118.0750368,118.9804127,118.7388928,119.1629228,120.7604722,122.1854062,121.7770652,122.4804911,124.6774195,128.2689211,129.2029595,130.4208213,132.898508,135.0746252,135.104986,136.8272391,139.2997445,140.6166219,140.7982602,141.3595224,143.3956873,145.3896213,144.7021205,146.8658863,148.4443228,151.1870605,153.3149528,155.3833584,158.8213166
"Netherlands, The",63.74070077,64.25942661,64.79889725,65.33836789,65.51815626,66.03455649,67.04583693,67.69133904,67.90650277,68.55200488,68.9608196,69.34811795,69.60631807,70.16575468,70.87580227,71.22006788,71.67191535,72.20983195,72.76926492,73.11353053,73.39324702,73.78054901,73.93116362,74.23239284,74.69587924,75.24907422,75.32186303,75.82774528,76.12253997,76.63934053,77.06879453,77.61471062,77.70933608,78.3207621,78.45178196,78.98677973,79.37619988,80.05313583,80.1841557,80.61724913,80.87200997,81.79278845,82.18584804,82.93921224,84.06743883,85.38491634,85.70154767,86.25838209,87.24103105,88.24551666,88.45296478,88.6968073,89.35918549,90.0142848,90.27632453,90.3636711,90.4437388,91.30264678,91.29900734,91.51737378,91.91771225,92.70019198,92.90036121,93.19879535,92.94039506,93.91940459,93.99583284,93.94488067,94.40345019,95.60082615,95.20776657,95.63722056,96.42333973,97.80632717,98.22486284,97.86455822,98.30856997,99.38220496,98.50146033,98.77077893,99.17839628,100.3466567,100.0373043,100.4376427,101.0272321,102.47209,102.9088229,102.9561356,103.5311673,104.7321827,105.2671804,105.8858853,106.5992157,107.6109802,108.1860118,107.5345519,107.7674761,108.6736969,109.1795791,108.5062826,107.9421693,109.6308697,109.980256,109.1795791,108.5717925,109.6345092,109.9875349,109.922025,110.2313774,111.0029388,111.5161,111.4178351,111.5852493,112.6879999,113.779832,113.6815671,114.4203736,115.6832595,116.8151255,116.7132212,116.26557,117.2009062,118.1726369,117.8923999,118.3036567,119.5519849,120.7311636,123.5080568
New Zealand,63.34372472,64.45604111,65.10001666,65.80253344,66.21233305,66.27087428,66.50505022,66.44650899,66.73922615,66.91484983,67.14902577,67.32466048,67.3832017,67.79300132,68.1442597,68.26134216,68.26134216,68.53439476,69.35353052,70.17266627,70.99180202,71.67442251,71.81093777,72.22050565,72.56181037,73.10790456,73.51747243,74.06356661,73.85877716,73.92704031,74.26834503,74.67791291,74.81443921,75.15574394,75.56531181,74.95096552,74.74617606,74.88270236,75.18222819,75.33199661,75.85617508,76.38035354,77.42871047,78.32731001,78.17754158,78.85147743,79.30077168,79.75007697,80.19937122,81.02307551,81.39749658,81.92167504,82.22120086,82.22120086,82.59562193,83.19467358,83.49421043,84.16814629,84.69233579,85.44115586,85.8155659,86.564397,87.53788075,88.13694343,88.66111086,90.00900464,90.63906493,90.45904928,90.90909392,91.80918319,92.25922783,93.33933275,93.96940407,95.49955363,96.93970088,96.48965625,96.75968523,97.29973218,98.55985275,98.3798371,98.7398684,98.91989508,100,102.3402365,103.1503235,104.1404151,104.5904597,104.2304284,104.7704754,105.1305177,105.4005356,105.22052,105.6705757,105.8505913,106.8406829,106.9306962,107.2907275,107.5607565,107.9207878,107.7407722,107.5607565,108.0108012,108.3708325,107.8307855,108.0108012,108.4608458,108.8208881,109.2709328,110.3510377,110.3510377,110.8910957,111.0131439,111.5648991,112.0063033,112.9994626,113.1098136,113.2201647,113.8822709,114.6547282,115.2064833,116.0892916,115.5375365,116.3099937,116.8617489,117.8549082,119.3998228,122.0482477,123.8138643
Nicaragua,,,,,,,,,,,,,,,,,,,,,,,,,,,,,,,,,,,,,41.99825867,42.19392586,42.84882318,43.74465827,44.82317268,45.54925131,45.91022278,46.5774181,47.62073979,48.48780062,48.70115904,48.99644546,49.522061,50.21195865,50.54073231,50.79946187,52.00822837,52.67955002,53.17434284,53.87382706,55.70074744,56.96771185,57.81115705,59.19081275,60.3540147,62.51458578,63.93723388,64.91088858,66.56983201,68.60968966,69.32788935,70.21672299,72.60507545,74.80119447,76.53194165,81.35429755,85.81052845,90.81346767,94.47172726,94.72469875,94.85569834,94.69130436,94.46390447,95.29731979,97.70778275,99.16041925,99.80283935,103.3289586,104.8630962,107.2314211,108.9980763,111.2369583,113.8114329,115.4342628,115.8082088,118.3754922,122.0118776,124.0326244,124.6654561,125.7872942,128.3354008,130.5670916,133.0432855,134.5198929,135.5578328,136.9625275,136.8546448,138.1354989,140.1913089,141.8978478,142.0492365,142.661854,145.2067528,146.3069958,147.1245943,149.9875207,152.4723248,153.9931491,154.6086624,156.6724456,158.4458765,162.9195894,163.8897696,165.7031935,167.5414921,168.2423597,168.8729262,170.2687258,173.7223556,175.1492565,177.2875362,182.0294782
Norway,64.03040449,64.75432088,65.18867071,66.05737037,66.52791603,67.21563659,67.46900733,67.75857388,68.08433626,68.84444847,69.02542756,69.2787983,69.85793141,70.50945616,70.50945616,70.65423944,70.72663107,71.19717673,71.59533074,71.88489729,72.60881368,73.11555515,73.26033843,73.44131753,73.26033843,73.83947154,74.27382137,74.74436703,75.50447923,75.83024161,75.97502488,76.40937472,77.1332911,77.53144512,77.71242422,78.18296987,78.87069044,79.44982355,79.30504027,80.28232739,81.15102706,81.76635599,82.01972672,82.77983893,84.01049679,84.98778391,84.11908425,84.44484662,84.87919645,85.38593792,85.31354629,86.32702923,88.78834495,87.30431635,86.94235816,87.37670799,87.52149127,88.02823274,87.99203692,88.46258257,88.39019093,89.36747806,89.54845715,90.09139444,90.380961,91.5030314,91.53922722,92.29933943,91.28585648,91.79259795,91.6840105,93.5661931,94.50728441,94.76065514,95.991313,96.89620849,96.82381685,97.72871233,97.72871233,98.27164962,99.68328658,100.2624197,99.5385033,100.5157904,101.0587277,101.7102525,101.0225319,101.3482943,101.8912316,102.1084065,101.3844901,102.5789521,103.1580852,104.0991765,104.4249389,104.9316804,105.3298344,106.0537508,106.6690797,107.0672337,107.3929961,108.4064791,108.8046331,109.7457244,110.7954031,112.1708443,113.1481314,113.6548729,113.6548729,114.5235725,114.8493349,115.1750973,115.9352095,117.2744548,118.6137001,119.04805,119.4100081,120.1339245,120.5682744,120.9664284,120.7854493,121.5093657,122.450457,122.5228486,124.3688354,124.9479685,126.7215637,128.2055923
Panama,68.84076616,68.88613075,69.22636518,69.29441207,69.88415174,69.74805797,70.06561011,70.02024552,70.81412585,71.40386553,71.56264159,71.0409488,71.19972487,71.47191241,71.49459471,71.94824061,71.97092291,72.35652193,72.56066259,72.85553242,72.67407406,73.12771997,73.4452721,73.37722522,73.62673046,73.78550653,74.05769407,74.82889211,74.96498589,74.94230359,75.21449113,74.896939,75.10107966,75.21449113,75.60009015,75.98568917,76.09910065,76.3259236,76.57542885,76.8249341,77.25589771,77.57344984,77.7775905,77.64149673,77.70954361,77.7775905,77.7775905,77.93636657,78.29928329,78.39001247,78.68488231,78.60900625,78.71381826,78.68761526,78.76622427,78.45178824,78.63520925,78.79242727,79.2640813,79.42129932,80.38778986,80.99043626,81.51447661,82.24813311,82.37914319,83.47962793,83.50582995,83.76785012,84.65871872,86.20463776,87.27892048,88.87724355,91.65465741,93.96043495,95.84698022,95.95178829,95.61116206,96.47582864,97.18328311,97.23568715,98.38857592,99.22704048,100.8253636,101.55902,103.3931613,105.5679287,106.4587973,108.0833224,109.8912616,111.8302109,112.6424735,113.2713219,114.7910389,116.1535438,117.1230185,117.5946548,118.6427355,120.0838465,119.7170182,119.4494007,118.8225999,120.2195997,120.1031831,119.4046831,119.6462089,120.6076552,120.801683,121.0345163,121.6165996,121.577794,121.5389885,121.577794,122.1598773,122.6707524,122.8095987,122.3745884,121.7570757,122.4093194,122.200662,121.9077965,121.565221,119.7650315,119.7269244,119.6480716,120.8706793,121.8443882,122.6207709,123.2082869
Paraguay,11.56216046,12.75868034,13.99298505,15.3343468,16.10893598,16.43010711,16.82055043,17.30545586,18.18080461,18.65941255,19.66700824,20.24007828,21.40511079,22.26156712,22.8976119,24.19489134,25.97077873,26.97207694,27.80964085,28.71017949,29.92559179,30.85132032,31.44265304,31.89607109,33.17508786,34.03847141,34.42198752,34.64302882,35.78224169,36.68907781,36.60784041,36.67018539,38.21369603,40.47322935,41.53120481,42.37002822,42.55895241,42.69119934,43.91920658,44.39718478,45.89535361,47.16870266,47.5900036,48.50250744,49.67383743,50.49376841,50.83383196,51.90314287,53.21520856,54.2488003,57.43816907,59.32816537,63.58065707,64.40753045,63.04909561,65.11627907,66.17940199,66.59283869,67.50830565,66.94721299,68.63049096,70.84533038,71.73126615,74.2118863,76.29993495,77.38948417,77.45876186,81.6406155,82.30820057,82.58531135,84.82109153,88.50540535,90.98560354,92.72794389,94.08637874,94.76559616,95.09043928,94.6179402,95.65153193,96.86231082,98.22074566,99.13621262,99.78589886,102.8571429,107.2572905,108.409007,108.7633813,108.5861942,111.5983758,112.395718,112.2185308,112.7205611,114.1971207,113.9608712,115.4078996,117.4160207,120.073828,121.461794,120.8121078,121.8161683,123.7947582,124.6216316,125.3303802,125.5666298,129.9963086,129.8781838,129.3466224,130.4983389,133.0380214,134.1897379,134.6031746,136.6112957,138.7827243,139.3323588,139.9735991,141.7599114,142.4011517,143.821041,143.9126467,145.1493245,146.0653821,145.332536,145.9737763,148.0807087,149.7754153,150.5082614,154.3557032,158.8443854
Peru,0.200535211,0.498823479,4.245293936,7.628042752,11.44040165,14.18139883,17.92021977,20.51965546,23.31520431,26.4997747,29.1693866,32.1807675,36.18311827,40.2397966,43.19800409,45.54822076,48.3514502,50.58245297,52.1560763,53.28520213,54.56419685,56.27406463,57.5241074,58.75711962,60.8195199,62.62986795,64.29375322,65.58126322,66.85003961,68.28401238,69.7009546,70.17951321,72.02732849,73.82064599,74.69261043,74.4064971,75.04173682,76.15553515,76.77204126,77.21142959,77.94714959,78.77994375,79.6212532,80.30071327,80.81997391,80.81997391,80.78785469,80.48004555,80.00361053,80.88153574,81.00198279,81.64436708,82.26533857,82.81404182,82.58117751,83.18073619,84.72781169,85.63517951,86.22403178,86.37124484,86.58537294,87.1447826,87.29467226,87.47668115,88.63564948,89.16829312,88.87119038,88.80427535,88.99966724,89.88829885,91.00444156,91.91448597,93.30980424,94.85944105,96.55025239,98.0210941,98.52997907,98.62190668,98.40193705,98.42491895,99.19645422,99.75130299,100.5326877,100.5195551,101.5307588,102.8472935,104.0226536,105.0765379,105.8012326,106.9529635,107.6166133,108.0379783,108.5260594,109.5654263,110.8576122,111.3176023,112.3323896,113.6632006,114.3338732,114.9588979,115.7524686,117.2377801,118.4562271,119.3130026,120.6543477,121.3812023,122.1080569,123.3616177,124.8960884,125.5808065,126.0127056,125.6159203,126.325218,126.8870379,127.9299162,128.5408954,129.2572159,130.2333781,130.6336748,131.0374829,131.6168597,132.6772949,133.4849111,133.8184917,135.4126558,136.5924777,139.8440107,142.4564736
"Poland, Rep. of",5.42472906,6.666839666,7.3512683,8.491984157,10.7227138,11.96482324,12.69994719,13.99275928,15.81789937,17.28815608,18.58096523,20.45680505,22.40869297,23.90429808,25.12105912,27.3771395,29.68391668,31.63580167,33.63839225,36.45215197,39.41801086,41.6994367,42.35851548,44.66529265,47.52975502,49.91257738,50.90119994,53.08122928,55.84428928,57.36524278,58.20176617,60.05225759,63.42370544,64.71651166,64.64046355,65.52768373,67.25143318,68.72168403,69.33006601,71.48474989,74.01966554,75.51527651,76.68134077,77.97414112,78.96276368,80.43301746,80.3823236,80.86395775,81.77652046,82.08071292,81.32023764,81.57372745,82.0300132,82.33420566,81.9032683,82.71444624,83.32282529,84.99587208,85.52820302,86.26332991,86.44077747,86.94776001,86.8463635,87.30265219,87.28179551,88.01525598,88.30864016,88.39665542,89.04210063,90.15696054,90.03960687,91.41851254,92.7680798,94.00029338,94.20566231,94.70441543,95.96596743,97.84362623,97.99031832,98.13701042,99.04650139,99.98533079,99.98533079,100.982837,102.9778495,104.4741088,104.063371,105.4422767,107.1439049,108.4347954,107.8773654,108.3467801,108.5814875,109.0802406,109.1975942,109.2269327,109.4029632,109.4323016,108.9335485,108.552149,108.0827343,108.6108259,108.1120728,107.7013349,106.9972129,107.495966,107.1732434,107.9653807,109.1682558,109.5203169,109.3149479,110.5471615,111.0459146,111.632683,111.6033446,112.2194514,112.3661435,114.2731407,114.5958633,115.2119701,117.5003667,117.9111046,118.0577967,118.3805193,120.7862696,123.0453279,124.2775414,127.5927827
Portugal,45.96384451,47.39486608,48.54358934,49.95472574,52.09415625,53.31922434,54.19878772,54.97892528,56.86908106,58.7379313,59.4935675,60.003835,61.47675744,62.3843731,63.16664122,64.02560925,65.34051566,66.05957737,66.38448673,66.87699961,68.37939471,68.93262836,69.06081664,69.46491156,70.11366501,71.14875878,71.45804408,71.58268144,72.19734604,72.64689277,72.90291424,73.19977132,73.55450843,74.54201984,74.8942713,75.44146838,75.61688392,76.42223303,76.4282696,76.94847967,76.99535184,78.3354698,78.99878203,79.79987004,80.68582507,81.93681489,82.28373997,82.95024803,83.39872948,84.73068032,85.26971028,86.26148279,86.68723834,87.71665063,87.70386731,88.48649052,88.58627143,89.8894598,89.81631081,90.595028,90.47145591,91.54241399,92.08641524,92.95923186,93.35515967,94.94455235,94.86430152,95.30248529,95.61070532,97.35669367,96.9273872,97.85914913,98.41202768,100.1512693,99.88921123,99.33846323,98.40101982,99.04622235,98.37793883,98.64212743,98.69219543,100.0223708,100.292596,100.9928378,102.3745015,103.7849278,103.5065355,104.9460792,105.8739352,106.6952634,106.5177173,107.0237237,106.0877007,107.3596409,106.8820419,106.9505747,105.9485045,107.0020631,106.3096333,106.8312637,105.8476583,107.7704826,107.124925,107.4274635,106.4236179,108.2569589,107.8262321,108.2644159,107.9320496,109.8214952,109.058402,109.8548738,108.7583491,110.9023958,110.5817476,110.7635548,109.578257,111.4858123,110.3928385,111.0405267,110.0242528,111.1818534,110.3889325,110.8473565,110.4780606,112.0347848,112.0376256,113.4917281
Romania,,,,0.033914926,0.047683766,0.066918817,0.083092038,0.111587714,0.170269647,0.212581123,0.247172282,0.332480859,0.45457835,0.666051204,0.94064846,1.357216922,1.661192713,1.969920914,2.119565477,2.342928748,2.475489054,2.572575343,2.703557775,2.951565954,3.156445544,3.403260925,3.873411401,4.426043428,6.810081461,9.395307983,10.0751562,11.57517084,13.44523479,14.75469281,15.39129973,16.63592398,18.20829546,21.13745183,23.00360866,25.4641079,27.98408741,30.53847764,33.34031254,36.06601062,39.19904068,41.7800788,43.94617127,47.10965605,49.76302415,51.93292346,53.33003407,55.78544645,58.05432362,59.61132154,61.30917258,64.03487066,65.93067743,66.93568342,68.58023869,70.41894284,71.76275768,73.56339342,74.67118412,76.37664884,77.93364676,78.77876544,79.07569903,80.02360241,80.91440318,81.77094238,83.02339304,85.37982755,87.35177113,88.77172279,89.76150142,91.19668043,93.2599882,94.17363001,94.24215315,95.35755753,97.57694577,98.27359765,101.3000362,102.8494204,104.9317624,106.3631346,105.5408569,106.3212593,107.6270057,108.3579192,109.8349734,111.449074,113.6836896,114.1328968,113.4705065,113.4057902,114.8790376,115.2026191,114.7305708,114.7381845,115.4911848,115.2993169,112.7138881,113.315574,112.4959552,112.4350458,112.1343053,112.6977178,112.6596494,113.2230618,113.7560196,116.1467156,117.9054761,119.2683252,119.3140073,120.3799227,122.3023774,124.057331,123.8860232,124.8758018,126.2538782,127.1713269,127.1637132,127.5596246,130.1254354,131.8080591,134.1530731,137.7353104
Russian Federation,,,,,,,,,0.021989533,0.039684659,0.055871122,0.096837822,0.187564397,0.320289328,0.587966324,0.992798483,1.455566309,1.824878636,2.160122297,3.075203282,4.60966459,5.884943235,6.934368218,7.898140535,8.759032187,9.330680844,9.517784841,9.813826503,10.35464649,10.71233315,10.90363648,10.97459315,11.32484314,11.49111314,13.35013978,18.66878636,22.94517628,24.91545625,26.46265623,27.53058287,28.78197619,29.8564195,31.42096614,32.97885278,35.17010275,37.14437271,38.0106627,39.13800268,41.42356598,42.91949595,43.70660594,45.01180592,47.48400588,48.95119585,49.61234917,50.65981916,52.56276579,53.92658243,55.07137908,56.56535239,59.44761901,61.34930231,62.05145897,62.94765562,65.88726224,67.11772888,67.90754887,68.64866552,70.97512215,72.45383213,73.93736543,76.47506873,80.101792,83.21950195,84.98653525,86.99683522,91.09804182,93.56596511,94.70040842,94.99428842,97.66989504,99.10114501,100.5290283,102.6999316,106.9446982,108.5552982,108.6952982,109.5665648,111.0782981,112.7121648,115.2587981,116.7248981,118.991198,120.7891313,122.5872313,124.1882646,126.5936646,129.9384645,131.9999978,136.0889644,147.1105642,150.5020975,152.7196308,155.7855641,159.3888307,161.5492973,163.1359639,164.7292973,166.7510972,168.3241972,168.6394972,168.9861639,170.5111972,172.3255971,173.6772304,175.5492637,179.323197,180.9230303,181.1511636,181.6036636,183.6761636,186.5538636,187.5557302,189.6647302,193.8674301,197.77703,200.4153633,205.4284299
Spain,50.78329202,51.17992564,52.30780107,53.22644946,53.92427454,54.28748003,55.40589145,56.19316481,57.45666458,57.75708827,58.50108561,59.11873258,59.88765183,60.45835119,61.1886352,61.93726572,62.8802583,63.38314739,64.05990838,64.63660162,65.87827333,66.63115696,66.90587957,67.46093099,68.28395098,69.03528768,69.3550271,69.69968843,70.02135866,70.12143021,70.60577514,71.07292521,71.31364577,71.53446528,72.00683386,72.13608043,72.64804966,73.1488141,73.73149741,74.09315597,74.76895536,75.47296436,76.40532608,77.05581206,77.60275635,78.59558897,79.18850407,79.2186445,79.54527098,81.2875627,81.07813802,82.33924708,82.53080795,83.61175857,83.4361611,84.52509343,84.3407541,86.28904977,86.19669006,87.43157353,87.08988063,89.06782262,89.15904208,90.53873644,90.58814698,92.5816723,92.30915416,92.88687742,92.7827352,94.79184384,94.49272002,96.56416196,96.84846262,99.15289427,99.12742884,98.9332074,97.3011392,98.48357147,98.06814284,99.07497765,98.36422601,100.0491255,99.98413161,101.6025169,101.7921774,103.543591,103.0487254,104.3999137,103.7841824,105.5796854,105.8913519,107.6264221,106.5044227,107.3991336,107.1703248,107.7643915,106.5165853,107.6347839,106.8172295,107.2216357,105.4314538,107.3615056,106.3778557,106.8769022,104.7378058,106.3466891,106.182114,107.9179443,107.6112189,108.4709623,107.9380886,109.4812178,108.6374378,110.4253392,110.3466625,111.3531172,109.8715611,111.4386354,110.691396,111.844182,110.5332823,110.7050789,110.1345772,111.0403105,111.1889222,113.5389635,113.8760955,117.4937073
Sweden,66.32118071,68.08773249,69.41457488,70.68521381,73.81607694,75.09222602,75.26965261,76.2570702,76.31327366,76.70669785,76.89955285,77.64893227,80.09212959,80.51751261,80.41833004,81.08285326,81.40574763,82.14961691,82.50226605,83.00479107,83.50290798,84.40546937,84.40877545,84.82424022,84.70632316,85.07109462,84.54542699,84.61595682,84.54983511,85.23309282,85.44578433,85.94169718,85.01378913,85.34770379,84.91130048,84.98623842,84.95978973,85.50970198,85.4755391,85.88659575,85.64304744,86.24255098,86.20067389,86.81891191,86.94344114,88.59207586,88.64607526,89.021867,89.26541531,90.34650533,90.27817956,90.93719264,91.93012037,92.02930294,91.70971466,92.10644494,91.97860963,92.40289062,92.22215794,92.54615433,92.22215794,92.6761937,92.70594847,93.21839175,92.94288461,94.08679026,94.18046269,94.65653902,94.75131348,95.79052641,96.00872807,97.63091411,97.81825896,99.4250166,100.1214986,100.021214,98.59078098,98.84755363,98.70318789,99.27954883,99.26522246,99.7644414,99.81403268,101.1563035,101.8582957,103.0110175,103.1245265,103.8507633,103.6535002,104.1604333,103.7659071,103.9234972,103.5950927,103.8728039,103.8595795,103.9918229,103.2347293,103.8816201,103.686561,103.7703152,103.2457496,103.6711326,103.6237454,103.838641,103.917987,104.5152865,104.6949172,105.3296856,105.4542148,106.3733067,106.9507696,107.1888078,107.2428072,108.393325,109.2220505,109.4303339,109.2518053,110.591872,110.8795014,111.3137007,110.3350993,110.7152992,111.5153719,111.6696559,112.0366314,112.7077668,113.7249392,115.375778
Switzerland,74.39769331,75.07966134,75.96503889,77.38651088,78.75986131,79.77211968,80.57184938,81.46962634,82.51891895,83.26327771,83.48325258,84.24965475,85.40565453,86.17792838,86.39203157,86.52088056,86.89030451,86.73901848,86.87324711,86.92943812,88.07310409,88.390995,88.60460615,88.61648073,89.01112995,89.09028286,89.14342322,89.31097939,89.66321473,89.55962382,89.55988624,89.62798464,89.66659341,89.60754856,89.64241782,89.55844292,89.91408974,90.12835695,90.50860579,90.81485175,91.32030848,91.57702237,91.85158093,92.24898558,92.24875596,92.95457155,92.79351031,92.63074334,92.76697293,93.595405,93.07685999,93.57040934,93.73632538,94.10515888,93.49204371,94.05693892,93.78802242,94.91991222,94.34107586,95.35549921,95.05617462,95.92518361,95.45630189,96.40157715,96.22939581,97.19855143,96.62358579,96.8439215,96.31386275,97.7081413,97.23650415,98.47037753,98.69665052,100.3307496,100.1287834,100.0276855,98.68047879,99.57838696,99.15729876,99.84969805,99.78422387,100.5623038,99.48614578,100.1673265,100.3809049,100.9616438,99.86754272,99.71530541,99.50153025,99.93288569,99.34194513,99.37241884,99.1297445,99.50966531,99.30789594,99.33620466,99.10196062,99.61197692,99.31311157,99.2040098,98.3751185,98.50236015,97.94848665,97.86113307,97.40573326,98.1194871,97.7762397,97.6789469,97.91328936,98.48385943,98.24685996,98.42340407,98.61949858,99.45199818,99.36047866,99.31586699,99.23369624,100.0958823,99.61814383,99.23986315,99.10852116,98.87378507,98.75943488,98.55550052,98.68126605,99.36267644,99.58334017,99.96985432
Turkey,0.059773449,0.068548188,0.072515209,0.085761435,0.097194899,0.111880792,0.12236846,0.144247571,0.173340863,0.189970889,0.203584903,0.242141293,0.274949421,0.311104578,0.347648543,0.410059679,0.475855007,0.660511584,0.736315583,0.884919283,1.05894488,1.20801065,1.351067638,1.596968423,1.888397795,2.201320628,2.445603513,2.873156577,3.340922833,3.908759529,4.584524477,5.634455157,6.657578475,7.496739537,8.357391629,9.742662556,10.94651532,12.27215994,13.77945815,16.17883969,18.48069133,19.83823057,21.0353793,23.02500374,25.06547272,30.21182549,33.3606932,38.55581091,42.69336697,44.42484305,46.52401345,50.74315396,54.02092676,55.91367713,56.32660688,57.95590433,59.14050822,60.06165919,60.88004484,63.41367713,64.23953662,65.23355755,65.69506726,68.24364723,69.43011958,71.50037369,72.81016442,74.95142003,76.59379671,78.29783259,78.00822123,81.0706278,83.34267564,86.39200299,87.09641256,89.93086697,90.31576981,91.31352765,91.74140508,95.06726457,98.70702541,99.7309417,99.43198804,102.1300448,102.995142,105.6035127,105.7679372,111.5209268,113.8004484,115.5493274,115.3344544,119.0713752,122.0029895,123.6117339,124.9177877,127.9727205,131.7750374,135.2316891,136.4555306,139.1834828,141.6143498,145.6931988,146.4181614,150.5455904,153.7911061,155.7866218,158.185725,161.935725,169.4973842,173.6958146,174.882287,181.7993274,186.9207773,195.9192825,208.8770553,222.4644993,224.1386398,231.0874439,237.1300448,245.3923767,251.3172646,258.0138266,265.0186846,278.5444694,290.5063528,302.1020179,316.0724963,350.543722
Ukraine,,,,,,,,,0.00197265,0.002859431,0.004615904,0.007327199,0.020876137,0.046951044,0.139778705,0.603459859,1.265592117,1.514255509,1.680139681,3.579196979,6.799427154,8.505068866,10.1150475,12.90696005,15.7218931,16.88408235,17.73280122,18.77368309,19.5394027,19.89920681,20.06517524,20.62561536,21.19277326,21.51118728,21.61657279,24.28428255,25.68425192,26.97051155,27.23536406,28.81351398,32.14360902,34.36739074,35.71627841,37.13415707,38.37076614,39.36268951,38.89944154,39.39450526,39.79256072,39.66268944,38.54579642,39.20813995,40.67568544,41.45491313,41.0263379,42.23414082,43.71467343,44.49390112,44.96143773,47.22119803,49.63680387,50.95122795,51.53925977,52.68073331,54.44482878,54.65236942,55.58630232,58.66482186,59.97924594,60.84399862,63.40366655,67.79661017,73.46938776,79.21134556,79.79937738,83.12002767,88.41231408,91.11034244,91.97509512,94.22345209,98.33967485,98.75475614,99.79245936,103.1131097,105.9149083,109.339329,108.2324455,108.3362158,108.9934279,108.9588378,108.1978554,108.1286752,108.4745763,108.5091664,107.8865444,108.3708059,110.2732618,119.1283293,123.7288136,132.4109305,150.3631961,189.346247,189.692148,192.5977171,196.6447596,204.531304,205.0155655,216.2573504,224.0401245,232.7222414,238.0837081,246.3507437,254.9290903,259.6333449,259.3912141,270.321688,277.5164303,283.2929782,281.4251124,284.3998616,284.849533,289.1387063,288.1701833,295.2611553,305.9149083,,,
United Kingdom,58.59071574,60.88403921,61.80876641,63.1033845,63.51026447,65.6186425,66.32143518,67.17218421,67.46809691,68.87368226,68.94766044,69.3915295,69.57647494,70.50120215,70.68614759,70.9450712,71.24098391,72.16571112,72.12872203,72.42463473,72.94248197,73.94118735,74.23710006,74.60699094,75.08784908,76.04956538,76.19752173,76.82633623,76.90031441,77.60310708,77.97299797,78.37987794,78.34288885,79.19363788,79.26761605,79.71148511,79.89643055,80.67320141,80.56223414,80.93212502,80.78416867,81.52395043,81.52395043,82.04179767,81.78287405,82.96652488,82.96652488,83.15147032,83.22544849,84.03920843,84.11318661,84.52006658,84.48307749,85.18587017,85.22285926,85.62973923,85.62973923,86.3325319,86.36952099,86.92435731,87.14629184,87.99704087,88.44090993,88.88477899,88.99574625,90.14240799,90.69724431,91.28906972,91.47401517,92.43573146,92.47272055,93.36045866,93.80432772,95.54281487,96.61549843,96.80044387,96.57850934,97.46624746,97.87312743,98.35398557,98.83484372,99.94451637,100.1664509,101.054189,102.3488071,103.6804143,104.2722397,105.1229887,105.5298687,106.3066395,106.6025522,107.6752358,108.1191049,108.8218975,109.1547993,109.7836138,109.8945811,110.5973738,110.7823192,110.9302756,110.3384502,111.0042537,111.1522101,111.3371555,111.115221,111.8550028,112.2988718,113.0386536,113.5195117,114.7401517,115.3319771,116.1827261,116.3306824,117.3663769,117.9951914,118.6240059,118.4390605,119.6227113,120.1035694,120.325504,120.3994822,120.5844276,121.0282967,121.2132421,121.4721657,123.0996856,124.2463473,126.5766599
United States,58.71593853,59.31211702,60.3363211,61.3146653,61.81912403,62.1860031,62.6751752,63.14906067,63.59237289,64.11211825,64.61657697,65.07517582,65.62549443,66.12995315,66.38982583,66.84842467,67.27645026,67.70447585,68.30065434,68.62167353,69.18727877,69.7987439,70.10447646,70.44078228,71.08282066,71.78600555,72.16817125,72.68791661,73.17708871,73.46753464,73.75798058,74.04842651,74.24715267,74.644605,74.93505094,75.19492362,75.48536955,76.2191277,76.69301317,77.16689864,77.93123005,78.75670796,79.38345972,79.8114853,80.57581671,81.41658125,81.52358765,81.29428823,81.58473416,82.47135859,82.82295104,83.08282372,83.92358826,84.22932082,84.64205978,84.65734641,85.42167781,86.64460806,86.95034062,87.47008598,88.02040459,89.19747495,90.28282555,90.74142439,91.23059649,92.77454593,93.29429129,92.49938662,93.44211298,95.23370579,95.49648293,96.17566782,97.26896746,99.40435654,100.5604842,97.71610133,97.22983369,98.26076389,98.9280252,99.1270571,99.52496803,99.99778344,100.0910319,100.3862167,101.655924,103.4281028,103.8506252,103.6927143,104.5177336,105.3826511,105.6137849,105.6518486,106.275543,106.8504731,107.2543458,106.9550336,107.7691994,109.0418112,109.1668558,108.289862,107.7016325,109.0000787,109.2863973,108.7947793,108.8650978,110.1413784,110.5077989,110.7537607,111.6295316,112.2362579,112.6814045,113.0990352,114.1012265,115.2799784,115.6572524,115.5907556,115.9781187,117.3681318,117.6899153,117.940616,118.4352913,117.7956988,119.1285399,119.4024763,120.6838014,123.5075474,125.4848727,127.3894337
Uruguay,1.498758912,1.856193397,2.306593515,2.878565823,3.381494473,3.937462082,4.620820739,5.308829946,6.008284044,6.839711683,7.702899177,8.505969803,9.412259958,10.60552309,11.83054608,12.92852965,14.07642156,15.33207012,16.7850835,18.61467801,20.33991872,22.22055586,24.08644736,25.5417293,27.03784534,28.81866579,30.43274701,32.02754545,33.56222703,34.97213775,36.18354937,37.04787114,38.05057514,38.72320351,39.8313956,40.48700975,40.89761931,41.38649422,41.69161569,42.0058114,42.5888316,43.20134309,43.78209473,44.31634087,44.66796784,45.30997063,45.6207635,45.87030522,46.72101562,48.51317888,54.25263844,57.33788152,59.76183904,61.28290925,62.3763557,63.48568207,65.32888796,66.93729777,68.59334736,68.65800135,68.99374839,69.97002655,71.28885844,71.92258286,73.38528732,74.48145928,75.96471696,76.39633468,78.5064657,80.54123491,82.5383232,83.00419628,84.59022009,86.63869144,88.79335446,90.13616511,91.5372099,92.48608375,95.07579001,95.78830179,97.67234735,98.8404556,101.0533527,102.4338443,105.198253,107.2364477,109.0074505,110.929177,113.4229682,115.8345465,117.7288687,120.3973623,123.3090691,125.2581999,128.1801833,130.7150809,135.0860666,136.7131969,139.3577117,141.3548,145.4414661,148.181896,152.2000514,154.5705233,160.2329365,164.1928578,166.5701807,167.2724159,172.0099341,173.6850218,175.6992378,177.8059433,183.7012931,186.3149782,190.3262824,192.0424767,197.5815706,200.7536182,204.9670292,208.3857155,214.8257258,222.3516314,225.3558277,228.3463218,233.6867346,237.711741,242.1067055,246.3989038
"Venezuela, Rep. Bolivariana de",,,,,,,,,,,,,,,,,,,,,,,,,,,,,,,,,,,,,,,,,,,,,,,,,,,,,,,,,,,,,,,,,,,,,,,,,55.58981588,59.27231081,63.16624086,67.51828033,71.65888468,75.27090124,80.06343053,85.04977535,89.64848912,98.59924236,103.550348,108.2019205,114.9149855,121.3637565,130.2792705,137.8028368,143.9873139,148.744604,154.3476346,163.5450621,177.6583561,200.5285878,225.0550612,255.5369571,280.1162893,322.7380848,367.1923179,422.6235574,502.8808035,612.1398996,831.7152674,1141.344375,1493.049071,2244.559951,3105.840895,4117.646022,,,,,,,,,,,,,,,,,,,,
Uruguay,2.306593515,2.878565823,3.381494473,3.937462082,5.308829946,6.008284044,6.839711683,7.702899177,9.412259958,10.60552309,11.83054608,12.92852965,15.33207012,16.7850835,18.61467801,20.33991872,24.08644736,25.5417293,27.03784534,28.81866579,32.02754545,33.56222703,34.97213775,36.18354937,38.05057514,38.72320351,39.8313956,40.48700975,41.38649422,41.69161569,42.0058114,42.5888316,43.78209473,44.31634087,44.66796784,45.30997063,45.87030522,46.72101562,48.51317888,54.25263844,59.76183904,61.28290925,62.3763557,63.48568207,66.93729777,68.59334736,68.65800135,68.99374839,71.28885844,71.92258286,73.38528732,74.48145928,76.39633468,78.5064657,80.54123491,82.5383232,84.59022009,86.63869144,88.79335446,90.13616511,92.48608375,95.07579001,95.78830179,97.67234735,101.0533527,102.4338443,105.198253,107.2364477,110.929177,113.4229682,115.8345465,117.7288687,123.3090691,125.2581999,128.1801833,130.7150809,136.7131969,139.3577117,141.3548,145.4414661,152.2000514,154.5705233,160.2329365,164.1928578,167.2724159,172.0099341,173.6850218,175.6992378,183.7012931,186.3149782,190.3262824,192.0424767,200.7536182,204.9670292,208.3857155,214.8257258,225.3558277,228.3463218,233.6867346,237.711741,246.3989038,,,,,,,,,,,,,,,,,,,,,,,,,,,
"Venezuela, Rep. Bolivariana de",,,,,,,,,,,,,,,,,,,,,,,,,,,,,,,,,,,,,,,,,,,,,,,,,,,,,,,,,55.58981588,59.27231081,63.16624086,67.51828033,75.27090124,80.06343053,85.04977535,89.64848912,103.550348,108.2019205,114.9149855,121.3637565,137.8028368,143.9873139,148.744604,154.3476346,177.6583561,200.5285878,225.0550612,255.5369571,322.7380848,367.1923179,422.6235574,502.8808035,831.7152674,1141.344375,1493.049071,2244.559951,4117.646022,,,,,,,,,,,,,,,,,,,,,,,,,,,,,,,,,,,,,,,,,,,
Vietnam,,,,,,,,,,,,,,,,38.73019376,40.76580561,41.04704145,42.31929886,42.73445653,42.61392689,43.80583119,43.52459534,43.69869372,45.65395247,46.87264114,47.35475973,48.13150636,49.26984193,48.66719368,48.10472199,48.85468425,47.56903466,47.87705488,48.18507509,47.71634868,47.98419234,49.41436397,49.62186114,49.72100564,51.34573203,51.42448993,51.13342186,51.38927473,55.08221384,56.09702103,56.50892306,58.37292122,60.33801484,61.30825784,63.22481455,63.92721053,65.45098114,67.4134915,68.67129235,70.26169667,78.47094942,85.4879617,89.76183542,89.50046639,90.78711522,92.06369829,93.62942841,97.44429555,99.82850185,103.7787113,109.9140233,118.1194995,124.3538983,127.4244613,128.2438547,129.2056905,136.2282132,136.6447731,138.2784012,140.875532,143.0904946,144.204803,144.4774297,143.8516246,144.9282312,144.9264004,145.6553397,147.6591319,151.3729599,152.8811049,152.5912197,153.5496322,157.1957999,158.3202878,159.9016806,160.8607966,162.5220489,163.4598049,166.7496016,170.3148298,168.6611981,169.0363716,170.8126215,171.5848829,172.234562,,,,,,,,,,,,,,,,,,,,,,,,,,,
